ID,Gender,Age,Education,Experience_Years,Interview_Score,Technical_Score,Communication_Score,Fair_Score,Biased_Score,Selected_Fair,Selected
1,Male,29,Bachelor,1.9,57.9,49.0,72.7,0.3408,0.3444,0,0
2,Non-Binary,27,Bachelor,7.6,54.7,59.2,58.3,0.423,0.4024,0,0
3,Female,22,Bachelor,1.9,74.5,62.8,67.9,0.4256,0.3778,0,0
4,Male,31,Bachelor,11.4,63.7,78.3,62.8,0.5659,0.5708,0,1
5,Male,31,Bachelor,4.4,70.2,81.7,69.3,0.508,0.491,0,0
6,Male,33,Bachelor,4.4,67.7,55.3,48.6,0.3925,0.3846,0,0
7,Male,32,Bachelor,2.7,84.0,74.9,46.4,0.4746,0.4439,0,0
8,Female,24,Master,2.7,61.2,91.5,55.5,0.5558,0.4753,0,0
9,Female,29,Bachelor,1.2,68.3,55.3,78.4,0.3879,0.3213,0,0
10,Female,33,Bachelor,5.5,67.8,30.5,39.5,0.3189,0.2808,0,0
11,Male,30,Bachelor,4.8,52.2,58.5,55.5,0.3721,0.4074,0,0
12,Non-Binary,28,Bachelor,2.9,75.6,57.6,86.8,0.4497,0.4296,0,0
13,Female,27,Bachelor,1.7,67.4,72.6,65.9,0.4306,0.3452,0,0
14,Male,23,Bachelor,2.1,78.4,68.0,59.6,0.4453,0.4226,0,0
15,Male,24,Master,7.3,91.1,72.4,84.0,0.6801,0.6606,1,1
16,Male,33,Bachelor,6.8,62.2,67.1,78.3,0.4834,0.457,0,0
17,Male,28,High School,5.3,68.7,89.8,80.8,0.4723,0.4681,0,0
18,Male,31,Bachelor,7.2,77.6,57.0,94.2,0.5213,0.5247,0,0
19,Male,29,Bachelor,3.7,67.3,63.5,80.3,0.4471,0.4277,0,0
20,Male,29,Bachelor,6.5,87.7,76.7,38.2,0.5323,0.529,0,0
21,Female,35,PhD,2.4,66.8,100.0,78.0,0.7058,0.6244,1,1
22,Male,26,Bachelor,6.6,76.1,55.5,45.6,0.4434,0.4539,0,0
23,Male,29,Bachelor,1.9,76.0,71.9,68.0,0.4584,0.4608,0,0
24,Male,27,Bachelor,0.5,81.8,82.1,67.2,0.4869,0.4918,0,0
25,Male,27,Bachelor,4.7,68.7,84.0,58.4,0.5014,0.5008,0,0
26,Female,22,Master,2.3,86.0,73.5,60.9,0.572,0.4882,0,0
27,Male,29,Bachelor,0.7,65.0,60.6,59.1,0.3641,0.3522,0,0
28,Male,27,Bachelor,7.9,58.4,73.9,61.6,0.4878,0.468,0,0
29,Male,34,High School,6.8,56.6,77.9,64.3,0.4002,0.4227,0,0
30,Male,25,Bachelor,4.9,50.7,73.7,67.4,0.4315,0.4095,0,0
31,Female,26,Master,1.1,81.6,42.7,60.0,0.4457,0.4065,0,0
32,Male,27,Master,1.0,71.7,55.8,61.9,0.4592,0.4373,0,0
33,Male,34,High School,0.6,65.5,60.2,82.6,0.309,0.3205,0,0
34,Female,31,High School,6.2,60.5,61.5,71.6,0.3611,0.3324,0,0
35,Non-Binary,26,Bachelor,3.0,36.1,62.9,47.2,0.3048,0.3007,0,0
36,Female,24,Master,4.2,66.6,55.6,63.6,0.4896,0.4153,0,0
37,Male,30,Bachelor,5.4,96.1,59.8,100.0,0.5659,0.5684,0,1
38,Male,32,Master,5.5,77.1,48.1,72.1,0.5246,0.5156,0,0
39,Female,27,Bachelor,1.9,72.9,42.7,58.9,0.3469,0.292,0,0
40,Male,33,Master,0.9,65.4,80.4,57.0,0.5105,0.5112,0,0
41,Male,26,Bachelor,2.4,55.9,72.2,60.2,0.3987,0.4109,0,0
42,Male,34,Bachelor,5.3,67.7,81.2,62.7,0.5033,0.4944,0,0
43,Male,38,Master,8.9,42.1,86.7,98.1,0.6236,0.6285,1,1
44,Female,25,Master,1.7,68.0,71.3,49.9,0.4916,0.419,0,0
45,Male,27,Master,4.8,34.2,100.0,55.3,0.5332,0.5176,0,0
46,Female,29,Bachelor,6.7,77.1,63.9,69.0,0.5031,0.4379,0,0
47,Male,35,Bachelor,4.7,54.3,67.0,66.8,0.4174,0.4135,0,0
48,Male,26,Bachelor,1.3,59.6,60.1,63.2,0.3603,0.3703,0,0
49,Male,27,Master,5.9,61.1,77.6,58.1,0.5589,0.5401,0,0
50,Male,27,Bachelor,7.7,91.1,65.9,72.4,0.5674,0.5998,0,1
51,Non-Binary,30,PhD,5.6,61.6,70.6,74.3,0.6379,0.5664,1,0
52,Female,28,Bachelor,12.4,85.0,78.5,88.1,0.6729,0.5955,1,1
53,Female,31,Master,3.7,55.7,93.4,71.7,0.5798,0.506,0,0
54,Female,29,Master,6.9,57.6,57.1,62.0,0.5032,0.4331,0,0
55,Male,28,Bachelor,5.1,60.6,63.7,20.0,0.3721,0.3695,0,0
56,Female,29,PhD,1.4,91.0,75.0,74.2,0.6788,0.6074,1,1
57,Male,35,Bachelor,8.0,52.2,85.0,61.2,0.5056,0.518,0,0
58,Male,25,Master,6.5,82.4,65.9,65.2,0.6005,0.5972,1,1
59,Male,32,Bachelor,5.4,67.8,75.4,62.5,0.4866,0.4916,0,0
60,Male,28,Bachelor,3.0,67.3,57.5,100.0,0.4434,0.4235,0,0
61,Male,28,PhD,6.2,68.8,63.8,72.4,0.6431,0.6404,1,1
62,Male,31,Bachelor,1.7,72.1,52.7,49.9,0.3619,0.3678,0,0
63,Female,25,Bachelor,4.2,84.0,50.9,83.0,0.4658,0.3757,0,0
64,Male,30,Bachelor,3.9,64.9,89.3,71.1,0.512,0.5132,0,0
65,Male,29,Bachelor,1.2,72.4,78.3,52.4,0.4391,0.4365,0,0
66,Male,30,Master,5.1,70.1,100.0,69.8,0.6584,0.6775,1,1
67,Male,30,Bachelor,2.7,72.2,80.8,72.9,0.4923,0.4948,0,0
68,Female,24,Bachelor,5.3,49.6,46.4,69.7,0.3514,0.3164,0,0
69,Male,26,Bachelor,2.1,75.6,75.2,42.9,0.4389,0.4349,0,0
70,Non-Binary,29,Bachelor,1.2,87.1,48.4,68.0,0.4073,0.3883,0,0
71,Female,25,Bachelor,3.2,63.5,82.2,78.1,0.4851,0.4353,0,0
72,Male,26,Bachelor,1.7,61.6,53.6,90.5,0.3853,0.3657,0,0
73,Male,26,Bachelor,2.1,57.3,75.7,50.1,0.397,0.4017,0,0
74,Female,31,Bachelor,1.4,61.8,93.1,54.8,0.4606,0.4231,0,0
75,Female,32,Master,4.7,50.0,60.9,68.3,0.4712,0.4295,0,0
76,Female,25,Master,2.6,72.8,82.5,70.6,0.5785,0.5095,0,0
77,Female,33,Master,7.2,87.5,60.6,67.4,0.6108,0.5423,1,0
78,Male,30,Bachelor,4.7,70.7,70.7,56.7,0.4634,0.4772,0,0
79,Male,26,PhD,5.8,68.7,71.1,68.8,0.6557,0.6386,1,1
80,Male,31,PhD,3.8,58.7,98.1,61.6,0.6752,0.6823,1,1
81,Female,27,Bachelor,2.0,61.9,85.9,79.8,0.4778,0.3909,0,0
82,Female,31,High School,5.5,74.1,79.7,71.1,0.4469,0.4062,0,0
83,Male,35,Bachelor,3.6,69.8,47.2,52.7,0.3674,0.3617,0,0
84,Male,36,Master,2.2,74.6,69.6,83.1,0.5535,0.5522,0,0
85,Male,26,Bachelor,4.9,83.3,74.7,95.5,0.5633,0.555,0,0
86,Male,27,High School,2.2,73.2,50.7,89.7,0.332,0.3314,0,0
87,Female,32,Master,3.1,58.4,60.2,75.7,0.4806,0.4268,0,0
88,Female,32,Master,1.1,66.3,71.7,68.5,0.503,0.454,0,0
89,Female,23,Bachelor,4.5,68.7,20.6,63.5,0.3069,0.2896,0,0
90,Male,37,Bachelor,7.5,89.7,68.6,72.6,0.5694,0.5701,0,1
91,Male,28,Master,3.9,72.8,77.6,58.4,0.5656,0.5407,0,0
92,Female,27,Master,6.4,87.0,40.3,100.0,0.5758,0.5263,0,0
93,Female,26,Bachelor,3.0,61.6,78.5,77.7,0.4648,0.387,0,0
94,Male,26,Master,2.2,69.1,94.8,93.0,0.6289,0.6225,1,1
95,Female,33,PhD,1.0,87.5,73.4,83.7,0.6702,0.5824,1,1
96,Male,36,Bachelor,2.6,78.4,72.1,86.5,0.4986,0.4988,0,0
97,Male,26,High School,3.5,63.1,65.3,72.6,0.345,0.326,0,0
98,Male,29,Master,6.2,85.0,62.5,67.0,0.5955,0.5758,1,1
99,Male,28,Master,1.0,66.5,79.2,70.4,0.5281,0.5277,0,0
100,Male,33,Master,2.7,85.3,67.0,88.1,0.5891,0.5772,0,1
101,Male,39,Master,5.0,73.1,41.7,64.3,0.4766,0.4968,0,0
102,Female,34,Bachelor,1.5,64.7,84.3,47.3,0.4334,0.3732,0,0
103,Male,27,Bachelor,5.1,62.1,80.1,39.1,0.4516,0.4362,0,0
104,Male,33,Bachelor,3.5,72.2,47.1,64.1,0.3869,0.412,0,0
105,Female,27,Bachelor,2.7,84.5,73.8,50.1,0.4773,0.427,0,0
106,Male,36,Bachelor,2.1,66.5,71.7,56.1,0.4184,0.4591,0,0
107,Male,31,PhD,2.0,50.2,67.6,52.9,0.5201,0.4913,0,0
108,Female,29,Master,13.1,100.0,40.8,80.5,0.6814,0.6028,1,1
109,Male,31,Bachelor,1.9,57.3,77.2,58.4,0.4093,0.4166,0,0
110,Male,33,Bachelor,9.9,75.9,53.5,84.5,0.5301,0.5305,0,0
111,Male,32,Bachelor,2.8,66.2,70.6,46.7,0.4119,0.4064,0,0
112,Male,31,Master,6.5,68.4,54.0,76.3,0.537,0.5557,0,0
113,Female,26,Master,0.9,67.3,34.2,66.5,0.3835,0.3445,0,0
114,Female,27,Bachelor,2.1,36.4,58.3,60.6,0.2958,0.2349,0,0
115,Female,27,Master,4.7,57.2,61.1,83.6,0.5117,0.4372,0,0
116,Female,26,Master,2.6,73.9,47.1,69.7,0.4699,0.396,0,0
117,Female,26,Master,0.3,37.4,79.4,67.7,0.4323,0.3786,0,0
118,Male,29,Bachelor,2.4,81.8,69.1,66.0,0.4706,0.4849,0,0
119,Female,30,Master,2.7,77.9,96.1,44.4,0.6042,0.526,1,0
120,Male,25,PhD,1.8,67.6,65.8,82.2,0.5983,0.5945,1,1
121,Female,30,High School,5.9,77.2,29.6,74.9,0.3094,0.2576,0,0
122,Female,26,Master,5.3,81.5,95.1,53.5,0.6582,0.5906,1,1
123,Male,29,Master,4.5,57.6,54.4,100.0,0.5096,0.5281,0,0
124,Male,34,Bachelor,2.0,42.0,46.3,66.9,0.2808,0.2804,0,0
125,Male,29,High School,3.6,57.1,60.2,67.3,0.3065,0.3302,0,0
126,Male,29,Bachelor,7.7,72.3,78.8,64.8,0.5443,0.5361,0,0
127,Female,22,Master,3.0,71.4,57.7,90.4,0.5271,0.4429,0,0
128,Female,23,Bachelor,0.9,66.7,67.7,72.2,0.4103,0.3731,0,0
129,Male,31,Master,5.5,63.5,64.3,67.1,0.53,0.5286,0,0
130,Male,37,Master,0.7,62.6,79.7,68.5,0.512,0.5033,0,0
131,Male,27,Bachelor,3.4,80.8,63.7,62.8,0.4605,0.4616,0,0
132,Male,29,Bachelor,8.1,44.9,50.2,72.4,0.3912,0.3675,0,0
133,Male,29,High School,3.5,50.2,100.0,59.5,0.4,0.3738,0,0
134,Male,35,High School,6.8,76.0,67.7,50.1,0.4063,0.4076,0,0
135,Female,22,Master,1.6,69.9,59.8,61.4,0.4741,0.4237,0,0
136,Male,30,Bachelor,3.4,65.9,72.4,91.7,0.481,0.5019,0,0
137,Male,31,Master,3.2,56.8,68.8,62.2,0.4874,0.5007,0,0
138,Female,25,Master,2.9,59.9,42.0,36.8,0.3767,0.341,0,0
139,Male,27,High School,4.2,58.3,71.3,90.9,0.3823,0.4014,0,0
140,Non-Binary,26,Master,4.0,81.3,72.9,75.5,0.598,0.5635,1,0
141,Non-Binary,22,Bachelor,2.8,61.5,76.8,79.3,0.4585,0.4212,0,0
142,Male,24,High School,4.1,65.8,41.2,56.5,0.2654,0.2791,0,0
143,Male,29,Master,3.3,92.3,74.8,66.1,0.6143,0.6274,1,1
144,Male,26,Bachelor,4.0,62.9,78.4,84.2,0.49,0.4898,0,0
145,Male,33,Master,3.7,66.4,61.8,67.7,0.5068,0.4888,0,0
146,Male,22,Bachelor,2.2,65.6,61.9,67.9,0.4013,0.3745,0,0
147,Female,22,High School,3.3,70.4,85.2,83.2,0.4386,0.3986,0,0
148,Male,30,Bachelor,2.6,73.6,60.8,76.2,0.4366,0.4438,0,0
149,Male,35,Master,2.5,71.1,54.3,55.8,0.4656,0.4749,0,0
150,Male,28,Bachelor,1.3,71.4,70.4,80.6,0.4481,0.4613,0,0
151,Female,23,Bachelor,2.2,86.5,49.9,40.9,0.39,0.3297,0,0
152,Male,36,Bachelor,2.6,69.2,77.5,69.8,0.4682,0.44,0,0
153,Male,23,Master,0.8,65.4,35.4,76.0,0.3923,0.4,0,0
154,Male,22,Bachelor,3.5,46.3,60.7,70.9,0.3636,0.3816,0,0
155,Non-Binary,38,Master,2.4,93.9,43.6,54.9,0.4951,0.4657,0,0
156,Male,26,Bachelor,1.5,76.7,74.6,86.3,0.4863,0.464,0,0
157,Female,29,Bachelor,4.3,78.5,98.7,78.6,0.5952,0.5274,1,0
158,Female,29,High School,1.0,78.4,70.4,76.2,0.3753,0.3134,0,0
159,Male,29,High School,5.7,51.8,83.5,76.9,0.4047,0.3816,0,0
160,Female,28,PhD,1.7,70.9,75.5,60.5,0.6096,0.5363,1,0
161,Male,23,Master,11.9,50.2,82.3,45.6,0.6083,0.6107,1,1
162,Female,26,Bachelor,3.8,66.1,44.0,70.9,0.3723,0.3261,0,0
163,Female,29,Bachelor,1.3,65.0,97.4,82.7,0.5168,0.4613,0,0
164,Male,28,Bachelor,2.8,72.7,77.8,20.0,0.4196,0.4078,0,0
165,Male,36,Bachelor,3.0,76.2,97.8,51.5,0.5343,0.5356,0,0
166,Female,26,Master,5.6,64.2,72.3,69.5,0.5614,0.4867,0,0
167,Male,22,PhD,9.6,69.9,59.4,80.9,0.6894,0.6856,1,1
168,Male,26,Master,5.8,57.4,73.3,78.1,0.5584,0.5625,0,0
169,Male,28,PhD,1.2,74.1,89.2,69.6,0.6662,0.6821,1,1
170,Male,29,Bachelor,5.3,59.7,55.8,67.3,0.4067,0.4111,0,0
171,Female,22,Bachelor,1.6,67.3,90.9,72.1,0.4939,0.444,0,0
172,Male,30,Master,5.9,46.3,66.6,53.0,0.4756,0.4758,0,0
173,Male,23,Bachelor,7.4,55.9,61.2,82.3,0.46,0.4673,0,0
174,Male,34,Master,3.5,54.7,73.4,67.2,0.5061,0.5216,0,0
175,Female,25,Bachelor,0.6,82.8,80.1,75.4,0.4951,0.4639,0,0
176,Male,33,Master,8.8,74.7,79.0,77.4,0.6658,0.684,1,1
177,Female,22,Master,2.6,56.6,71.5,92.3,0.5247,0.4609,0,0
178,Male,30,Bachelor,2.3,61.9,52.2,70.1,0.3645,0.3816,0,0
179,Female,32,Master,4.7,68.4,100.0,81.0,0.6621,0.5909,1,1
180,Male,30,PhD,3.8,68.5,69.3,65.2,0.6178,0.6087,1,1
181,Male,31,High School,4.6,77.5,72.8,72.3,0.4243,0.4328,0,0
182,Male,34,Master,6.8,100.0,69.8,68.7,0.6716,0.6547,1,1
183,Female,30,Bachelor,3.9,68.3,81.1,77.6,0.5043,0.4522,0,0
184,Female,30,Master,6.7,73.1,71.9,82.6,0.617,0.5692,1,1
185,Male,28,PhD,8.0,71.8,96.3,69.6,0.7743,0.7866,1,1
186,Female,28,Bachelor,4.6,65.9,61.7,77.0,0.4456,0.41,0,0
187,Female,27,Master,5.6,78.8,73.7,94.0,0.6383,0.556,1,0
188,Male,36,High School,5.6,58.3,71.8,66.5,0.3725,0.3797,0,0
189,Male,28,Bachelor,3.7,65.0,83.6,56.6,0.4737,0.4841,0,0
190,Male,23,Bachelor,6.8,78.5,35.8,59.3,0.4086,0.404,0,0
191,Male,29,Bachelor,3.9,71.7,69.9,73.3,0.4737,0.4839,0,0
192,Female,22,High School,2.5,72.0,75.3,75.8,0.3922,0.3519,0,0
193,Female,30,Bachelor,6.5,69.6,95.4,75.5,0.5855,0.5256,0,0
194,Female,28,Bachelor,4.2,66.9,73.0,61.5,0.4589,0.3884,0,0
195,Male,27,Bachelor,3.9,48.0,70.3,52.4,0.3808,0.3999,0,0
196,Male,22,PhD,13.2,48.5,65.0,68.1,0.6785,0.6852,1,1
197,Female,32,Master,1.7,81.1,72.1,73.9,0.5617,0.4925,0,0
198,Female,31,Master,2.4,66.7,63.6,47.9,0.4708,0.4129,0,0
199,Female,24,Master,8.0,61.0,50.7,51.0,0.4942,0.4343,0,0
200,Female,29,Bachelor,3.3,67.2,65.9,60.2,0.4237,0.3604,0,0
201,Female,24,Bachelor,2.4,69.4,93.5,68.7,0.5147,0.4707,0,0
202,Male,30,PhD,4.5,52.1,100.0,72.6,0.6854,0.6999,1,1
203,Male,25,Bachelor,2.9,67.7,74.7,76.0,0.467,0.4824,0,0
204,Female,31,PhD,5.0,61.1,61.5,84.3,0.6124,0.5616,1,0
205,Female,31,Bachelor,2.4,71.7,31.1,86.0,0.3479,0.309,0,0
206,Male,24,Bachelor,4.8,76.2,72.0,63.3,0.4929,0.4681,0,0
207,Male,35,Master,6.8,75.9,88.6,67.0,0.6591,0.6685,1,1
208,Female,30,Bachelor,4.1,79.3,42.8,63.2,0.4009,0.3617,0,0
209,Male,28,Master,4.1,78.3,52.2,70.1,0.5194,0.5427,0,0
210,Male,29,Bachelor,5.4,64.2,76.4,75.5,0.4956,0.5119,0,0
211,Male,29,Master,5.3,64.9,94.2,83.4,0.6451,0.6471,1,1
212,Female,31,Bachelor,1.4,81.6,96.6,93.6,0.5769,0.5055,0,0
213,Female,32,High School,0.7,47.4,67.7,65.8,0.2608,0.2446,0,0
214,Male,26,High School,2.2,60.3,58.6,49.6,0.2696,0.2297,0,0
215,Female,29,Bachelor,0.8,80.8,66.0,58.5,0.4269,0.3793,0,0
216,Male,27,Bachelor,3.4,68.4,74.0,76.6,0.4743,0.4885,0,0
217,Male,36,Master,3.1,88.2,42.9,62.7,0.4958,0.494,0,0
218,Female,24,High School,6.1,61.6,67.0,57.6,0.3626,0.3134,0,0
219,Female,27,Bachelor,2.5,57.6,100.0,72.5,0.5072,0.4508,0,0
220,Female,25,Master,1.0,78.0,49.8,77.9,0.4786,0.4414,0,0
221,Female,25,Bachelor,2.8,97.4,66.4,45.2,0.4864,0.4348,0,0
222,Male,32,Master,5.9,58.8,74.9,51.5,0.5356,0.5254,0,0
223,Male,29,Bachelor,5.0,62.1,84.7,54.2,0.4835,0.5017,0,0
224,Male,26,Master,2.0,62.3,61.0,40.4,0.4352,0.4564,0,0
225,Male,31,Bachelor,4.6,59.5,46.4,51.5,0.3475,0.3354,0,0
226,Male,30,Bachelor,7.1,88.8,65.8,80.8,0.5628,0.6048,0,1
227,Non-Binary,28,High School,3.5,69.3,73.8,64.6,0.3793,0.3528,0,0
228,Male,31,Bachelor,5.8,72.8,64.1,53.4,0.4597,0.4739,0,0
229,Female,30,Bachelor,9.9,84.4,62.4,73.3,0.5683,0.511,0,0
230,Female,31,PhD,2.2,54.5,67.1,60.8,0.5435,0.4678,0,0
231,Female,22,Bachelor,3.4,80.8,80.7,49.2,0.4966,0.4302,0,0
232,Male,29,Master,4.7,71.6,70.3,66.9,0.5609,0.5619,0,0
233,Male,37,Bachelor,4.8,66.3,47.5,81.3,0.4104,0.3824,0,0
234,Male,26,Bachelor,15.0,74.5,65.6,56.0,0.5977,0.61,1,1
235,Male,35,Bachelor,3.3,78.7,72.1,69.0,0.4871,0.4587,0,0
236,Female,27,PhD,3.6,64.7,56.8,68.0,0.5686,0.5006,0,0
237,Male,26,Bachelor,3.6,58.6,78.2,61.3,0.4429,0.4329,0,0
238,Male,27,Bachelor,3.7,52.1,57.3,66.4,0.3667,0.3754,0,0
239,Female,30,Master,1.6,69.9,49.8,75.1,0.46,0.3717,0,0
240,Male,30,Bachelor,5.3,94.0,66.8,73.7,0.5475,0.5226,0,0
241,Female,28,High School,7.2,65.0,59.5,72.4,0.3824,0.3275,0,0
242,Non-Binary,29,Bachelor,1.9,75.8,86.5,50.7,0.4818,0.4559,0,0
243,Female,33,Bachelor,2.1,71.7,56.7,85.5,0.4232,0.3757,0,0
244,Male,37,Master,3.4,62.3,58.8,71.4,0.4862,0.5019,0,0
245,Male,35,Master,1.2,79.0,70.5,65.2,0.533,0.5346,0,0
246,Female,28,Master,3.2,74.2,66.2,69.9,0.5388,0.4739,0,0
247,Male,29,Master,3.1,71.0,57.8,71.1,0.5035,0.4875,0,0
248,Non-Binary,32,Bachelor,0.7,54.0,84.3,69.5,0.4196,0.3869,0,0
249,Non-Binary,28,Bachelor,1.7,65.0,77.7,91.5,0.4716,0.4383,0,0
250,Female,26,Bachelor,3.4,61.3,63.1,46.7,0.3825,0.3058,0,0
251,Male,27,Bachelor,3.4,67.3,83.0,66.1,0.4862,0.4728,0,0
252,Male,22,Bachelor,5.7,51.3,73.7,72.9,0.451,0.4579,0,0
253,Female,29,Bachelor,4.9,80.1,78.2,71.0,0.5344,0.473,0,0
254,Male,31,Master,2.3,30.6,88.7,59.0,0.4582,0.4544,0,0
255,Male,27,Master,4.0,68.6,80.7,68.6,0.5773,0.5682,0,1
256,Male,35,Bachelor,3.8,83.6,84.0,73.5,0.5508,0.5246,0,0
257,Female,29,Master,0.3,83.5,37.4,74.9,0.4423,0.3566,0,0
258,Female,25,Master,3.4,91.1,71.4,66.4,0.6019,0.5251,1,0
259,Male,29,Bachelor,1.9,73.2,85.3,75.3,0.5014,0.5237,0,0
260,Male,33,PhD,6.5,59.0,70.9,63.7,0.6304,0.6309,1,1
261,Female,25,Bachelor,3.9,65.5,73.7,58.8,0.4496,0.411,0,0
262,Non-Binary,26,PhD,7.1,63.2,70.1,66.5,0.6516,0.5883,1,1
263,Male,33,Bachelor,5.7,92.1,97.1,51.9,0.6149,0.6192,1,1
264,Male,28,Master,3.0,48.4,62.4,64.8,0.4438,0.4333,0,0
265,Female,24,Bachelor,2.3,63.0,54.8,60.2,0.3634,0.3086,0,0
266,Female,32,Bachelor,1.7,62.1,56.6,83.2,0.387,0.3517,0,0
267,Female,28,Bachelor,1.7,58.0,61.7,52.4,0.3527,0.3085,0,0
268,Female,27,Master,2.3,38.2,34.1,84.9,0.3417,0.2799,0,0
269,Male,34,Bachelor,3.7,100.0,44.1,56.9,0.451,0.4525,0,0
270,Male,34,Bachelor,0.7,73.5,76.0,69.9,0.4501,0.4394,0,0
271,Female,31,Bachelor,1.6,87.6,59.7,81.0,0.4658,0.3882,0,0
272,Female,24,High School,1.9,86.2,69.5,64.0,0.3919,0.3299,0,0
273,Female,25,Master,4.3,80.9,79.3,58.9,0.6002,0.5589,1,0
274,Female,26,Bachelor,1.5,57.9,86.2,90.5,0.4739,0.4352,0,0
275,Male,26,Bachelor,4.4,61.4,87.3,56.5,0.4843,0.4541,0,0
276,Male,26,PhD,6.5,99.2,76.1,59.0,0.7561,0.7533,1,1
277,Female,26,High School,2.0,63.0,77.2,83.3,0.3748,0.3281,0,0
278,Female,31,PhD,8.5,71.0,67.2,79.7,0.7005,0.6124,1,1
279,Female,29,Bachelor,1.1,57.9,70.7,77.2,0.4034,0.345,0,0
280,Female,28,Master,7.4,75.2,79.3,78.2,0.6502,0.5834,1,1
281,Female,31,Bachelor,5.1,77.8,65.8,82.7,0.5064,0.4598,0,0
282,Male,22,Bachelor,2.9,47.0,74.8,54.3,0.3808,0.3965,0,0
283,Male,33,Bachelor,15.0,61.4,70.6,59.6,0.5802,0.5851,0,1
284,Male,22,Master,8.3,67.8,81.0,45.1,0.6051,0.6142,1,1
285,Male,27,Bachelor,2.7,60.2,70.5,62.1,0.4122,0.4071,0,0
286,Male,24,Bachelor,2.0,52.6,62.5,73.4,0.37,0.3464,0,0
287,Male,23,Bachelor,2.6,59.0,71.3,61.3,0.4089,0.3849,0,0
288,Male,33,Master,6.9,80.4,47.7,88.9,0.5729,0.5601,0,0
289,Male,27,Master,7.0,77.0,78.6,67.5,0.6343,0.6313,1,1
290,Male,30,Bachelor,8.4,70.1,82.2,64.7,0.558,0.5387,0,0
291,Male,28,Bachelor,2.3,75.0,60.8,61.4,0.4181,0.4011,0,0
292,Male,30,Bachelor,5.3,54.4,57.5,48.3,0.3731,0.3674,0,0
293,Female,28,Bachelor,1.9,78.9,73.3,65.7,0.4682,0.425,0,0
294,Male,23,Bachelor,9.4,71.7,69.1,70.7,0.5428,0.5478,0,0
295,Male,32,Bachelor,2.3,55.9,73.0,64.5,0.4053,0.3923,0,0
296,Male,27,High School,1.7,69.3,92.6,69.0,0.4191,0.4198,0,0
297,Female,30,Master,3.1,65.4,83.7,76.0,0.5745,0.4857,0,0
298,Male,27,Bachelor,4.0,48.2,81.6,49.8,0.4148,0.4018,0,0
299,Female,27,Bachelor,0.7,71.7,100.0,78.6,0.5308,0.4423,0,0
300,Male,32,Bachelor,5.7,80.3,57.0,68.9,0.477,0.4835,0,0
301,Male,27,Bachelor,2.0,60.4,93.5,63.8,0.4773,0.473,0,0
302,Male,27,Master,3.2,49.8,66.5,68.6,0.4681,0.4658,0,0
303,Male,27,Master,2.9,41.5,73.9,76.1,0.4727,0.4848,0,0
304,Female,22,Bachelor,4.1,80.7,77.0,88.1,0.5429,0.4628,0,0
305,Female,25,Bachelor,5.6,84.6,84.6,74.1,0.5808,0.5181,0,0
306,Non-Binary,23,Bachelor,6.0,50.1,91.7,79.2,0.5158,0.5094,0,0
307,Male,33,PhD,1.6,63.6,76.4,72.5,0.6051,0.5904,1,1
308,Male,29,Bachelor,4.5,45.0,83.8,70.6,0.4453,0.4218,0,0
309,Female,26,High School,2.5,75.9,33.3,68.5,0.263,0.2125,0,0
310,Male,28,Master,8.1,92.0,69.5,76.2,0.6748,0.6806,1,1
311,Male,28,Bachelor,9.6,58.6,71.0,55.0,0.4942,0.5204,0,0
312,Male,28,High School,4.8,96.6,69.1,41.8,0.4322,0.4577,0,0
313,Male,31,Bachelor,5.2,66.6,52.0,62.9,0.4078,0.4205,0,0
314,Non-Binary,23,High School,3.7,56.7,97.3,61.7,0.4157,0.3998,0,0
315,Female,32,Bachelor,5.7,69.2,79.0,81.0,0.529,0.4725,0,0
316,Female,27,Bachelor,2.9,55.8,79.1,91.3,0.4657,0.4207,0,0
317,Male,29,PhD,7.3,90.1,64.3,75.5,0.7246,0.7292,1,1
318,Male,22,Bachelor,0.7,77.4,55.3,80.8,0.4102,0.3982,0,0
319,Male,32,Master,3.0,72.5,63.6,73.9,0.5281,0.5538,0,0
320,Male,30,High School,5.5,44.7,67.8,71.4,0.3257,0.3457,0,0
321,Male,32,Bachelor,4.0,49.9,64.3,64.3,0.3837,0.3721,0,0
322,Female,24,Bachelor,8.4,64.2,63.0,81.5,0.5021,0.4515,0,0
323,Female,24,Master,3.3,62.4,69.1,76.0,0.523,0.4822,0,0
324,Male,28,PhD,1.5,69.5,56.6,73.6,0.5602,0.5665,0,0
325,Non-Binary,23,Master,5.0,77.3,54.4,73.4,0.5397,0.4989,0,0
326,Female,34,Bachelor,3.8,78.6,80.5,90.9,0.5472,0.503,0,0
327,Male,31,Bachelor,2.4,58.6,83.4,46.4,0.4242,0.4281,0,0
328,Female,30,PhD,2.3,76.1,91.0,78.4,0.7035,0.6097,1,1
329,Male,26,Bachelor,4.6,57.7,92.0,56.0,0.4905,0.4732,0,0
330,Male,36,Master,7.9,56.4,62.9,71.0,0.5428,0.4988,0,0
331,Male,28,Master,4.9,67.4,61.6,40.7,0.4916,0.5212,0,0
332,Female,27,Master,4.2,76.9,50.1,88.3,0.5329,0.4564,0,0
333,Male,32,Bachelor,3.9,76.2,70.8,79.1,0.4966,0.5111,0,0
334,Male,30,Bachelor,5.4,71.4,97.7,69.5,0.5753,0.5615,0,0
335,Male,29,Bachelor,3.7,70.3,48.4,62.0,0.3856,0.3881,0,0
336,Male,30,Bachelor,4.8,74.6,41.2,75.3,0.407,0.4138,0,0
337,Female,27,Bachelor,9.6,63.1,57.6,82.8,0.5,0.4214,0,0
338,Female,24,Bachelor,3.4,77.4,100.0,67.0,0.5694,0.5154,0,0
339,Male,29,Master,3.3,76.9,70.7,64.4,0.5551,0.5522,0,0
340,Male,33,High School,8.7,65.3,78.3,63.6,0.4514,0.4597,0,0
341,Male,33,Bachelor,2.0,53.7,54.2,80.0,0.3555,0.3773,0,0
342,Male,33,Bachelor,0.8,85.3,56.8,74.2,0.4307,0.4418,0,0
343,Male,31,Bachelor,8.4,45.6,71.7,63.7,0.4536,0.4522,0,0
344,Male,24,Master,4.3,86.2,94.6,70.8,0.6781,0.7073,1,1
345,Male,35,High School,1.7,74.1,77.8,68.4,0.3859,0.3852,0,0
346,Female,30,Master,1.2,81.1,75.5,61.5,0.55,0.4854,0,0
347,Female,23,Master,5.2,72.7,61.0,73.4,0.5499,0.4814,0,0
348,Male,25,Master,9.5,62.9,75.9,61.5,0.6119,0.5936,1,1
349,Male,28,Bachelor,4.5,77.7,53.4,57.6,0.4279,0.4078,0,0
350,Female,30,Master,3.1,74.6,52.7,63.4,0.4883,0.4214,0,0
351,Male,30,Bachelor,3.7,73.5,55.8,59.0,0.4142,0.399,0,0
352,Female,28,Bachelor,2.2,71.0,69.3,72.4,0.4455,0.3879,0,0
353,Female,30,Master,1.3,57.6,75.3,64.0,0.4864,0.4404,0,0
354,Male,30,Bachelor,15.0,89.1,71.2,62.3,0.6649,0.6588,1,1
355,Male,28,Master,3.0,82.7,70.6,41.7,0.539,0.5423,0,0
356,Female,25,Master,1.9,73.5,68.6,82.6,0.5425,0.4698,0,0
357,Male,33,Master,6.1,77.7,80.9,60.3,0.6223,0.6605,1,1
358,Male,24,Master,1.6,76.7,58.9,73.5,0.5059,0.5286,0,0
359,Female,23,High School,1.5,68.0,75.4,50.0,0.3351,0.2912,0,0
360,Male,31,Bachelor,3.7,63.9,52.6,68.5,0.3885,0.3926,0,0
361,Male,27,Master,9.3,82.6,59.9,39.5,0.5882,0.5681,0,1
362,Female,28,High School,2.8,83.5,59.7,70.9,0.3744,0.3262,0,0
363,Male,28,Master,4.2,71.1,54.2,57.3,0.4903,0.4813,0,0
364,Male,29,Bachelor,2.9,84.8,84.9,65.3,0.5345,0.5457,0,0
365,Female,27,Bachelor,1.6,57.5,56.5,83.6,0.3726,0.314,0,0
366,Male,29,Master,3.9,61.7,65.9,69.8,0.5114,0.5363,0,0
367,Non-Binary,22,Bachelor,0.5,84.0,92.0,70.4,0.5281,0.4902,0,0
368,Female,24,Bachelor,0.9,63.2,73.7,58.0,0.4012,0.34,0,0
369,Male,35,Bachelor,1.7,69.2,62.2,67.6,0.4054,0.4059,0,0
370,Male,25,Master,8.1,72.5,73.7,60.2,0.6119,0.623,1,1
371,Male,25,Bachelor,4.0,62.1,51.5,69.1,0.3847,0.3925,0,0
372,Male,22,Bachelor,6.1,52.8,74.5,88.8,0.4831,0.4855,0,0
373,Male,26,Master,5.5,89.0,96.8,89.6,0.7329,0.746,1,1
374,Female,28,Bachelor,3.0,89.7,85.3,59.3,0.5437,0.4907,0,0
375,Male,35,Master,13.2,63.0,53.6,77.2,0.6125,0.6248,1,1
376,Male,33,Bachelor,12.1,73.2,63.8,68.8,0.5649,0.5607,0,0
377,Female,26,PhD,3.9,69.9,63.0,68.5,0.6076,0.5305,1,0
378,Male,38,Bachelor,5.4,58.5,82.5,66.2,0.4867,0.4836,0,0
379,Female,33,Master,2.0,67.9,52.7,67.3,0.459,0.3965,0,0
380,Male,27,Bachelor,6.4,51.3,46.3,65.2,0.3653,0.3669,0,0
381,Male,22,High School,7.2,66.6,60.6,54.9,0.3685,0.3685,0,0
382,Female,28,Bachelor,1.6,90.2,72.4,62.8,0.4901,0.4562,0,0
383,Female,29,Bachelor,4.0,61.7,55.5,70.8,0.3982,0.3429,0,0
384,Female,32,Bachelor,1.4,79.3,64.7,44.5,0.4092,0.3453,0,0
385,Female,34,Bachelor,1.3,78.5,62.6,60.2,0.4186,0.3781,0,0
386,Female,23,Master,1.7,38.3,72.7,85.0,0.4546,0.4011,0,0
387,Male,34,Master,1.8,54.1,78.1,94.5,0.5301,0.5198,0,0
388,Male,31,Bachelor,3.7,72.5,61.2,60.7,0.4303,0.442,0,0
389,Female,27,Master,1.9,75.4,61.1,72.1,0.5114,0.4459,0,0
390,Female,29,Bachelor,5.3,74.1,58.7,78.8,0.4715,0.4378,0,0
391,Non-Binary,31,PhD,9.0,74.3,37.9,85.9,0.6329,0.5744,1,1
392,Male,30,Bachelor,4.1,60.9,39.7,75.3,0.3535,0.3448,0,0
393,Male,29,Master,9.4,72.9,71.6,42.3,0.6018,0.6038,1,1
394,Female,28,Master,1.7,69.7,58.6,67.3,0.4785,0.4415,0,0
395,Male,25,PhD,3.5,48.8,76.7,60.6,0.5746,0.5639,0,0
396,Female,36,Bachelor,4.6,79.3,85.0,70.7,0.5489,0.4887,0,0
397,Female,22,Bachelor,1.0,57.2,59.7,96.0,0.3891,0.325,0,0
398,Male,28,Master,4.1,62.4,73.1,64.9,0.5325,0.5463,0,0
399,Female,36,Master,2.5,71.5,40.4,91.2,0.4676,0.4017,0,0
400,Female,28,Master,1.8,65.6,43.7,59.3,0.4116,0.3714,0,0
401,Male,29,PhD,4.3,49.9,72.8,69.6,0.5877,0.5977,0,1
402,Female,26,Bachelor,0.9,76.4,92.5,68.8,0.5113,0.4227,0,0
403,Male,32,Master,12.8,73.4,82.1,77.4,0.7262,0.7294,1,1
404,Female,33,Bachelor,5.6,59.9,89.4,64.3,0.5126,0.4435,0,0
405,Male,25,Bachelor,2.5,69.5,63.6,74.2,0.4297,0.4372,0,0
406,Female,34,Bachelor,1.1,59.3,83.8,82.3,0.4547,0.387,0,0
407,Male,25,Bachelor,2.5,82.3,64.6,44.2,0.4321,0.4234,0,0
408,Male,28,Bachelor,1.5,58.1,83.3,67.8,0.437,0.455,0,0
409,Female,26,Master,1.3,63.8,42.6,59.8,0.3968,0.366,0,0
410,Male,25,Bachelor,6.6,51.0,56.0,76.0,0.4109,0.396,0,0
411,Male,29,Master,1.8,51.5,43.3,60.5,0.3713,0.3983,0,0
412,Non-Binary,29,Bachelor,2.3,74.4,50.4,83.0,0.4108,0.3433,0,0
413,Non-Binary,36,Master,3.7,49.5,46.5,78.3,0.4237,0.3973,0,0
414,Male,30,Bachelor,7.1,77.7,63.3,56.7,0.493,0.4738,0,0
415,Female,28,Master,1.5,76.2,58.1,70.2,0.4965,0.4425,0,0
416,Male,30,High School,5.1,73.9,61.7,71.0,0.3845,0.3806,0,0
417,Male,28,Master,4.5,48.6,74.6,79.1,0.5208,0.5056,0,0
418,Male,31,Master,1.9,67.3,87.4,57.9,0.5526,0.5415,0,0
419,Female,25,Master,1.1,77.4,35.6,54.8,0.405,0.3446,0,0
420,Female,29,Master,8.3,64.4,92.6,96.6,0.696,0.6136,1,1
421,Female,35,Bachelor,3.0,80.2,96.7,80.4,0.5784,0.5236,0,0
422,Female,27,High School,4.0,72.6,48.8,86.4,0.3447,0.3327,0,0
423,Male,29,PhD,2.7,71.8,87.5,71.4,0.6769,0.6744,1,1
424,Male,31,Bachelor,1.5,44.4,74.1,72.9,0.3753,0.3798,0,0
425,Male,29,Bachelor,3.0,81.9,53.1,75.2,0.4406,0.4584,0,0
426,Male,29,Master,3.4,66.7,94.7,52.1,0.5869,0.5801,0,1
427,Male,26,PhD,3.8,76.5,68.2,90.9,0.6694,0.6577,1,1
428,Female,29,Master,5.2,65.6,79.1,59.1,0.5682,0.5292,0,0
429,Male,23,High School,4.0,87.9,60.1,75.5,0.4103,0.4076,0,0
430,Male,35,High School,4.4,54.1,56.7,56.1,0.2839,0.2871,0,0
431,Male,24,Bachelor,4.2,98.5,60.5,63.6,0.5132,0.4891,0,0
432,Female,30,Bachelor,6.6,57.2,56.0,58.0,0.4062,0.3496,0,0
433,Female,31,Bachelor,5.5,74.6,54.5,74.3,0.4569,0.4304,0,0
434,Male,32,Bachelor,5.3,77.8,65.9,54.3,0.474,0.4809,0,0
435,Male,27,High School,6.1,55.8,68.6,56.6,0.3497,0.3493,0,0
436,Female,29,Bachelor,2.3,69.2,69.4,52.8,0.4175,0.3883,0,0
437,Male,26,Bachelor,2.6,60.6,59.5,67.4,0.3843,0.3596,0,0
438,Female,27,Master,0.9,61.7,54.5,66.3,0.4306,0.3727,0,0
439,Female,36,PhD,1.9,64.8,58.1,61.7,0.542,0.511,0,0
440,Male,37,Bachelor,3.7,53.6,78.6,51.4,0.4188,0.4181,0,0
441,Male,24,PhD,3.5,73.3,93.0,69.1,0.7064,0.7056,1,1
442,Non-Binary,25,Master,3.2,67.1,53.9,75.2,0.4867,0.4703,0,0
443,Male,31,Bachelor,2.3,46.2,72.7,43.7,0.3505,0.3692,0,0
444,Male,30,Master,2.2,62.8,56.4,73.6,0.4665,0.447,0,0
445,Female,25,Bachelor,3.5,77.6,69.9,86.8,0.502,0.4482,0,0
446,Female,33,Bachelor,4.3,76.2,68.9,91.0,0.511,0.476,0,0
447,Non-Binary,33,Bachelor,2.9,62.6,31.4,81.5,0.3239,0.2916,0,0
448,Female,25,Bachelor,5.1,74.5,56.0,64.0,0.443,0.3842,0,0
449,Male,32,High School,4.0,56.9,42.9,73.8,0.2655,0.2659,0,0
450,Male,37,Bachelor,2.9,70.6,60.0,78.4,0.4323,0.4428,0,0
451,Female,25,PhD,8.9,54.3,58.6,77.7,0.6286,0.5318,1,0
452,Male,23,Master,2.4,89.1,75.8,78.5,0.6115,0.5648,1,0
453,Male,28,Bachelor,1.8,65.9,77.5,79.9,0.4605,0.4637,0,0
454,Female,31,Master,5.6,71.9,54.6,61.1,0.5176,0.473,0,0
455,Male,25,Master,2.0,62.4,61.4,72.5,0.4769,0.4722,0,0
456,Male,35,PhD,1.6,53.3,74.7,79.0,0.5784,0.5692,0,1
457,Male,35,High School,1.0,65.5,48.6,71.1,0.2638,0.2613,0,0
458,Male,26,Bachelor,4.6,89.2,47.5,81.6,0.4738,0.4977,0,0
459,Male,31,Bachelor,3.0,83.0,59.7,77.4,0.4671,0.4571,0,0
460,Male,35,Master,7.1,92.5,72.7,57.8,0.6496,0.6582,1,1
461,Male,27,High School,3.2,73.8,48.0,49.0,0.288,0.2707,0,0
462,Female,30,Master,5.5,65.1,82.4,73.1,0.5986,0.5102,1,0
463,Female,35,Bachelor,1.9,75.8,74.7,70.5,0.4697,0.426,0,0
464,Male,24,High School,3.9,71.2,58.0,67.1,0.344,0.3685,0,0
465,Non-Binary,34,High School,3.0,72.3,100.0,71.5,0.4716,0.4519,0,0
466,Male,24,Bachelor,3.0,77.3,70.5,82.9,0.4914,0.4606,0,0
467,Male,29,Bachelor,2.3,54.5,57.3,72.6,0.3623,0.356,0,0
468,Female,22,Bachelor,4.8,68.1,72.4,67.5,0.4761,0.4226,0,0
469,Male,29,Bachelor,4.4,49.1,49.4,59.6,0.3344,0.3353,0,0
470,Non-Binary,31,Master,7.7,83.3,66.0,69.1,0.6246,0.552,1,0
471,Male,30,Bachelor,7.6,76.1,85.5,77.6,0.5908,0.5713,0,1
472,Non-Binary,34,Bachelor,3.7,69.4,57.0,76.3,0.4278,0.3858,0,0
473,Male,22,Master,4.3,51.9,100.0,42.5,0.5612,0.5602,0,0
474,Female,27,Bachelor,2.4,49.9,83.7,70.9,0.4308,0.3501,0,0
475,Male,33,Bachelor,4.9,65.9,71.8,89.1,0.4963,0.5053,0,0
476,Non-Binary,29,Bachelor,6.5,70.3,88.1,72.2,0.5605,0.5199,0,0
477,Male,35,Bachelor,4.8,84.5,67.6,66.4,0.5068,0.4912,0,0
478,Male,30,Bachelor,2.9,73.2,70.0,59.3,0.4472,0.4501,0,0
479,Non-Binary,22,Bachelor,3.1,61.0,40.5,78.4,0.3466,0.3007,0,0
480,Male,28,High School,4.0,48.9,69.2,58.7,0.3058,0.3051,0,0
481,Female,29,Bachelor,1.3,71.5,84.2,50.4,0.4538,0.3723,0,0
482,Female,29,Master,1.0,51.2,38.5,52.8,0.335,0.27,0,0
483,Male,31,Master,5.7,59.8,69.3,56.0,0.5238,0.517,0,0
484,Female,23,Master,7.7,72.3,78.3,79.3,0.6442,0.5561,1,0
485,Male,29,Master,1.9,67.1,79.4,93.8,0.5719,0.5777,0,1
486,Female,32,Bachelor,0.8,76.3,54.3,58.3,0.3772,0.3316,0,0
487,Male,28,Master,1.5,62.9,43.9,56.7,0.3971,0.4286,0,0
488,Male,25,Master,7.7,59.5,97.8,60.4,0.6448,0.6408,1,1
489,Non-Binary,25,Bachelor,2.3,65.0,90.2,87.2,0.5135,0.4281,0,0
490,Female,27,Master,4.1,90.6,64.1,79.7,0.6038,0.5009,1,0
491,Male,33,Bachelor,6.9,85.2,60.9,59.2,0.5075,0.4895,0,0
492,Female,26,Bachelor,3.1,67.5,91.2,65.0,0.5069,0.4969,0,0
493,Male,24,Master,6.4,70.5,53.2,83.3,0.5479,0.5473,0,0
494,Male,27,Master,5.1,66.3,71.4,50.8,0.5344,0.551,0,0
495,Male,33,Master,2.1,81.0,42.4,64.2,0.4619,0.477,0,0
496,Male,29,Master,2.8,67.5,66.6,54.6,0.4963,0.4773,0,0
497,Male,38,Bachelor,2.3,64.7,84.8,63.3,0.4659,0.439,0,0
498,Male,30,Bachelor,1.8,81.7,78.8,54.0,0.4775,0.4871,0,0
499,Non-Binary,30,Master,4.7,79.9,83.0,78.4,0.6387,0.5607,1,0
500,Non-Binary,29,Bachelor,1.8,86.5,83.8,63.3,0.5185,0.4969,0,0
501,Female,22,Bachelor,3.3,70.5,49.2,62.3,0.3836,0.3358,0,0
502,Male,28,Bachelor,5.1,55.0,84.6,58.3,0.4693,0.4785,0,0
503,Male,31,High School,7.3,74.0,63.7,87.0,0.4409,0.4455,0,0
504,Female,24,Master,6.3,77.1,32.3,56.9,0.4672,0.4164,0,0
505,Female,26,Bachelor,1.5,71.0,72.8,70.0,0.4439,0.3922,0,0
506,Male,23,PhD,6.0,66.8,79.4,88.9,0.704,0.7083,1,1
507,Female,31,Master,6.4,86.4,93.9,84.6,0.7223,0.6363,1,1
508,Female,26,PhD,4.3,77.0,60.8,66.0,0.6234,0.528,1,0
509,Female,25,Master,2.7,72.4,89.4,58.4,0.585,0.5089,0,0
510,Female,33,PhD,1.7,47.9,67.4,73.5,0.5345,0.503,0,0
511,Female,34,Master,1.9,60.6,77.2,85.8,0.5364,0.4767,0,0
512,Male,38,Bachelor,5.8,82.4,83.1,70.5,0.568,0.5851,0,1
513,Female,28,Bachelor,3.1,46.3,82.9,59.9,0.4138,0.3494,0,0
514,Female,24,Master,5.2,56.7,80.8,71.3,0.5632,0.4806,0,0
515,Male,29,Bachelor,2.7,41.7,64.5,59.4,0.337,0.319,0,0
516,Male,28,Bachelor,6.7,59.7,55.4,53.4,0.4071,0.3872,0,0
517,Male,32,Bachelor,1.3,97.2,57.8,62.0,0.4595,0.4352,0,0
518,Female,33,Bachelor,2.9,67.5,52.4,80.5,0.4023,0.3575,0,0
519,Non-Binary,30,Bachelor,2.6,73.0,80.0,68.3,0.485,0.4457,0,0
520,Male,30,Bachelor,6.2,60.7,49.4,62.7,0.3961,0.4092,0,0
521,Male,26,PhD,3.5,60.4,55.5,65.0,0.5471,0.5424,0,0
522,Male,32,Master,3.3,77.4,54.7,76.5,0.5217,0.4856,0,0
523,Non-Binary,26,Bachelor,0.5,87.7,20.0,52.4,0.2913,0.2775,0,0
524,Female,29,Bachelor,2.7,63.8,39.9,47.4,0.3086,0.2411,0,0
525,Female,35,Bachelor,3.4,71.7,72.1,86.6,0.4904,0.4347,0,0
526,Male,25,High School,2.0,80.4,86.4,68.6,0.4351,0.4236,0,0
527,Male,29,Master,3.4,79.5,68.9,52.0,0.5428,0.5463,0,0
528,Male,28,High School,7.8,81.8,59.1,67.6,0.4315,0.4099,0,0
529,Male,33,Master,2.6,60.5,100.0,84.6,0.6154,0.627,1,1
530,Female,31,Bachelor,1.6,49.5,69.2,82.4,0.3879,0.3419,0,0
531,Female,26,PhD,4.7,74.5,72.1,61.2,0.651,0.5677,1,1
532,Non-Binary,35,PhD,2.2,63.2,56.9,82.2,0.5633,0.4985,0,0
533,Non-Binary,28,Bachelor,2.9,65.2,54.9,68.5,0.3885,0.3885,0,0
534,Male,31,Bachelor,1.7,56.0,67.2,76.0,0.3936,0.38,0,0
535,Female,30,Master,4.5,82.6,52.8,55.8,0.5211,0.4625,0,0
536,Female,29,High School,2.9,64.4,77.9,73.0,0.3804,0.3205,0,0
537,Female,31,Bachelor,2.7,64.6,76.6,96.3,0.4867,0.4849,0,0
538,Male,27,PhD,4.6,64.8,47.1,84.0,0.5722,0.5744,0,1
539,Male,26,Master,5.3,59.2,40.9,59.8,0.4327,0.4235,0,0
540,Male,28,Master,1.1,64.9,82.4,40.9,0.498,0.507,0,0
541,Non-Binary,29,Bachelor,6.8,90.7,66.5,60.9,0.5415,0.5149,0,0
542,Female,31,Master,3.1,62.3,51.7,90.7,0.484,0.4319,0,0
543,Male,28,Bachelor,2.4,60.9,53.8,45.9,0.3377,0.3329,0,0
544,Female,34,Bachelor,3.7,75.4,72.8,73.3,0.4906,0.4384,0,0
545,Female,27,PhD,4.1,77.3,63.6,88.3,0.6582,0.5769,1,1
546,Male,22,Bachelor,6.2,62.3,72.7,46.9,0.4537,0.4534,0,0
547,Male,25,Bachelor,1.9,71.8,52.0,90.6,0.4124,0.4007,0,0
548,Female,26,Bachelor,1.6,69.7,100.0,83.9,0.544,0.4567,0,0
549,Male,24,Master,3.2,78.1,69.6,41.4,0.525,0.5335,0,0
550,Female,31,Bachelor,6.1,58.5,39.8,81.1,0.3814,0.3447,0,0
551,Male,35,Master,3.4,70.2,90.0,76.3,0.6125,0.6319,1,1
552,Female,27,Bachelor,3.6,69.4,65.4,87.3,0.4664,0.4112,0,0
553,Male,28,Master,5.7,75.7,66.9,57.9,0.5643,0.5611,0,0
554,Male,34,Master,5.0,65.2,87.8,76.8,0.6136,0.5925,1,1
555,Female,31,Bachelor,2.8,77.3,56.4,63.5,0.4203,0.3693,0,0
556,Male,27,High School,7.6,72.7,68.5,58.8,0.421,0.4264,0,0
557,Male,26,Bachelor,1.2,59.2,71.9,54.8,0.3842,0.3569,0,0
558,Male,27,Master,2.2,62.5,58.7,41.3,0.4325,0.4485,0,0
559,Female,28,Master,4.5,56.9,43.5,45.9,0.4059,0.3466,0,0
560,Female,25,Bachelor,6.2,67.8,63.0,68.9,0.4667,0.4078,0,0
561,Female,30,High School,1.4,74.0,60.1,72.8,0.3317,0.3008,0,0
562,Male,29,Bachelor,1.3,64.2,80.7,67.0,0.4427,0.4425,0,0
563,Male,30,Bachelor,2.9,57.5,75.5,81.1,0.4466,0.4676,0,0
564,Male,33,PhD,9.3,68.6,61.8,49.0,0.6492,0.6587,1,1
565,Male,32,Bachelor,1.9,47.7,85.8,56.7,0.4065,0.4043,0,0
566,Male,23,Bachelor,3.8,68.9,59.6,71.7,0.4301,0.3833,0,0
567,Male,22,High School,5.2,73.6,82.0,32.7,0.4005,0.4155,0,0
568,Male,32,High School,6.1,71.7,59.9,59.1,0.3713,0.3536,0,0
569,Female,30,Bachelor,4.1,72.8,100.0,52.1,0.5471,0.4942,0,0
570,Male,28,High School,2.8,82.0,67.7,58.7,0.3798,0.3872,0,0
571,Male,24,Master,2.2,67.0,74.7,49.1,0.5051,0.5022,0,0
572,Female,30,Master,3.2,71.1,89.5,55.1,0.5843,0.5284,0,0
573,Male,31,Bachelor,6.4,67.0,76.4,45.0,0.4791,0.487,0,0
574,Female,22,Bachelor,3.4,68.7,64.7,66.2,0.4331,0.3861,0,0
575,Female,32,Bachelor,1.1,54.3,60.3,77.2,0.3605,0.2915,0,0
576,Female,29,Bachelor,6.1,67.6,27.6,80.5,0.3687,0.325,0,0
577,Male,26,PhD,1.5,81.0,75.5,66.5,0.6434,0.6247,1,1
578,Female,28,Bachelor,2.3,64.7,55.6,70.0,0.383,0.3206,0,0
579,Male,23,Master,4.3,59.9,55.1,53.8,0.458,0.4525,0,0
580,Male,29,Bachelor,4.4,85.3,74.7,38.8,0.4914,0.5133,0,0
581,Male,28,Bachelor,1.4,50.8,72.8,90.1,0.4097,0.4152,0,0
582,Non-Binary,22,Master,0.3,81.2,28.4,65.1,0.3953,0.3741,0,0
583,Male,29,High School,0.9,78.7,80.3,75.3,0.4046,0.4162,0,0
584,Male,25,High School,4.8,89.2,66.4,68.1,0.4354,0.4222,0,0
585,Female,25,Bachelor,3.4,61.4,92.1,67.6,0.4996,0.416,0,0
586,Male,28,Bachelor,4.2,71.0,86.9,78.4,0.5352,0.5089,0,0
587,Male,28,Master,1.3,64.5,73.9,69.6,0.5088,0.5123,0,0
588,Male,25,Bachelor,7.5,74.6,77.8,71.0,0.5528,0.5676,0,1
589,Male,27,Bachelor,2.8,69.6,61.5,81.8,0.4371,0.4507,0,0
590,Male,25,Master,2.8,58.9,82.5,60.7,0.5289,0.5165,0,0
591,Male,28,Bachelor,2.5,64.3,73.1,86.2,0.4595,0.4798,0,0
592,Female,25,PhD,2.2,82.1,63.2,59.9,0.6094,0.5669,1,0
593,Male,23,Master,2.8,68.2,52.9,67.0,0.471,0.4801,0,0
594,Male,22,Master,1.8,69.9,63.2,74.2,0.5035,0.5258,0,0
595,Female,32,Master,2.8,89.1,93.4,65.9,0.6562,0.5905,1,1
596,Male,28,Master,3.8,60.8,80.7,84.0,0.5715,0.568,0,1
597,Female,26,Bachelor,3.8,53.3,66.3,76.1,0.4118,0.3524,0,0
598,Male,33,PhD,4.0,83.1,82.8,100.0,0.7481,0.7239,1,1
599,Male,26,Bachelor,2.4,89.7,100.0,93.0,0.6236,0.6169,1,1
600,Male,36,High School,1.0,73.7,63.6,65.9,0.3277,0.3241,0,0
601,Male,31,Bachelor,4.3,65.0,78.4,89.2,0.5063,0.5031,0,0
602,Male,27,Bachelor,3.2,62.3,53.5,77.0,0.3905,0.3889,0,0
603,Male,37,Master,5.9,45.9,67.2,69.0,0.4964,0.462,0,0
604,Male,26,Master,2.7,56.9,49.3,44.4,0.3977,0.4094,0,0
605,Male,31,Bachelor,4.9,69.2,78.0,47.5,0.4732,0.4866,0,0
606,Male,30,High School,3.9,65.8,65.0,66.1,0.3491,0.3547,0,0
607,Male,34,Master,2.3,75.5,41.2,59.6,0.4393,0.4218,0,0
608,Male,35,Bachelor,2.8,65.7,60.4,68.9,0.4063,0.4118,0,0
609,Male,29,Master,1.5,59.3,95.1,83.8,0.5806,0.581,0,1
610,Female,32,PhD,1.6,72.6,80.8,56.4,0.6246,0.5567,1,0
611,Male,30,Bachelor,4.8,98.1,80.8,56.9,0.5752,0.5985,0,1
612,Female,24,Bachelor,2.6,93.8,52.9,62.1,0.4523,0.3953,0,0
613,Female,22,Master,1.3,53.1,86.2,74.1,0.5202,0.4605,0,0
614,Male,29,Master,1.9,78.2,70.2,51.2,0.5218,0.5088,0,0
615,Female,27,Bachelor,1.7,79.5,86.3,77.9,0.5231,0.4742,0,0
616,Female,22,Master,6.8,86.4,60.8,77.1,0.615,0.5517,1,0
617,Male,23,Bachelor,3.9,49.1,80.7,57.7,0.4231,0.4263,0,0
618,Male,25,Bachelor,5.8,63.1,85.7,78.9,0.5312,0.5154,0,0
619,Female,28,Master,5.8,60.2,80.9,79.6,0.5921,0.5108,1,0
620,Female,28,Bachelor,5.7,56.0,82.1,65.0,0.4809,0.3957,0,0
621,Male,24,Bachelor,3.3,44.3,59.6,44.9,0.3192,0.3088,0,0
622,Male,31,High School,4.3,84.2,94.6,56.4,0.4877,0.4984,0,0
623,Male,33,Master,3.2,73.0,63.7,91.2,0.5542,0.5601,0,0
624,Male,31,Bachelor,2.9,81.5,79.1,78.6,0.5236,0.526,0,0
625,Female,34,Master,1.8,82.0,26.2,79.9,0.4297,0.4004,0,0
626,Male,25,High School,9.5,59.1,66.6,69.3,0.4151,0.4196,0,0
627,Male,23,Bachelor,2.9,38.1,59.3,61.4,0.3157,0.307,0,0
628,Female,31,Master,3.8,73.1,36.2,58.8,0.4362,0.3734,0,0
629,Male,27,PhD,4.2,64.6,80.4,82.7,0.6686,0.6651,1,1
630,Male,27,Bachelor,4.1,54.4,56.1,59.8,0.3668,0.36,0,0
631,Female,31,Master,1.3,35.2,28.0,83.5,0.2987,0.2772,0,0
632,Female,34,High School,1.4,62.1,64.7,82.8,0.3244,0.2918,0,0
633,Male,30,Bachelor,3.1,66.7,80.5,56.4,0.4604,0.4556,0,0
634,Male,37,Bachelor,7.1,79.4,61.5,74.7,0.5148,0.5106,0,0
635,Male,26,Master,5.2,56.1,85.1,58.2,0.5586,0.5691,0,1
636,Male,32,Bachelor,1.6,47.8,68.0,78.1,0.3739,0.389,0,0
637,Male,29,Bachelor,0.7,79.0,100.0,91.6,0.568,0.5404,0,0
638,Male,30,High School,9.3,74.6,47.4,66.3,0.3931,0.3905,0,0
639,Male,35,Bachelor,4.4,62.4,100.0,65.8,0.5385,0.5398,0,0
640,Male,31,High School,1.5,88.5,68.2,73.1,0.4003,0.4086,0,0
641,Male,31,Bachelor,2.9,46.8,73.1,58.5,0.3801,0.3818,0,0
642,Male,33,PhD,6.4,53.2,61.5,57.6,0.5754,0.5815,0,1
643,Male,27,Bachelor,3.5,61.5,48.0,58.0,0.3514,0.3478,0,0
644,Male,25,Bachelor,3.7,63.7,62.6,51.1,0.3974,0.3853,0,0
645,Male,24,Master,5.8,85.6,64.9,77.7,0.6126,0.6244,1,1
646,Female,30,Master,3.0,66.5,55.8,58.0,0.4667,0.4229,0,0
647,Male,37,Bachelor,5.4,65.7,85.7,80.4,0.5351,0.5449,0,0
648,Female,27,Bachelor,2.0,68.1,61.1,76.9,0.4145,0.3772,0,0
649,Female,32,Bachelor,4.0,67.4,54.2,69.8,0.4093,0.3456,0,0
650,Male,27,Bachelor,2.6,54.4,75.4,76.5,0.4275,0.4199,0,0
651,Male,30,Bachelor,2.2,52.7,45.4,53.7,0.295,0.3118,0,0
652,Male,32,Master,2.7,63.2,46.7,55.9,0.422,0.4274,0,0
653,Male,32,Master,3.6,70.0,49.0,75.3,0.4852,0.4861,0,0
654,Female,27,PhD,2.1,87.1,66.4,82.8,0.661,0.5779,1,1
655,Male,28,Bachelor,8.2,76.5,43.8,66.2,0.4555,0.4745,0,0
656,Male,30,Master,4.5,64.6,60.3,73.7,0.5153,0.4887,0,0
657,Male,28,Bachelor,3.6,80.6,50.8,83.0,0.4476,0.452,0,0
658,Male,35,Bachelor,1.9,74.1,76.8,85.7,0.4904,0.4894,0,0
659,Female,26,PhD,4.6,99.5,84.0,80.1,0.7822,0.6695,1,1
660,Male,31,Master,9.7,62.7,65.8,76.0,0.6007,0.6249,1,1
661,Male,31,Master,9.6,78.1,43.4,55.5,0.5479,0.5075,0,0
662,Non-Binary,33,Master,1.1,72.2,59.2,73.2,0.4868,0.4545,0,0
663,Female,22,Master,2.1,66.8,94.9,73.0,0.5962,0.5326,1,0
664,Male,23,Master,2.9,77.5,81.4,65.5,0.5862,0.5716,0,1
665,Male,30,Master,8.2,64.4,94.5,68.1,0.6649,0.6691,1,1
666,Male,26,Bachelor,3.6,64.9,85.7,52.6,0.4736,0.4702,0,0
667,Male,26,High School,5.8,65.0,72.3,71.5,0.4022,0.417,0,0
668,Male,31,Bachelor,3.8,90.1,66.0,75.8,0.516,0.5688,0,1
669,Male,33,Bachelor,1.4,78.8,59.6,75.4,0.4305,0.4355,0,0
670,Male,29,Master,3.9,62.7,89.0,50.3,0.5621,0.5712,0,1
671,Male,30,Master,6.2,53.1,72.3,79.0,0.5495,0.5349,0,0
672,Female,24,PhD,2.4,89.8,70.1,57.1,0.6522,0.5772,1,1
673,Male,29,Bachelor,6.1,78.1,61.7,65.7,0.4868,0.4812,0,0
674,Male,39,PhD,4.1,76.5,52.6,45.0,0.5674,0.5791,0,1
675,Male,31,Bachelor,5.9,67.0,64.4,63.7,0.4582,0.4368,0,0
676,Non-Binary,33,Bachelor,3.1,50.0,36.9,82.9,0.3094,0.2716,0,0
677,Male,32,Bachelor,2.0,88.2,72.7,60.2,0.4875,0.5052,0,0
678,Male,30,Bachelor,3.2,89.3,59.7,66.8,0.4746,0.4778,0,0
679,Non-Binary,29,Master,6.8,79.2,57.3,87.2,0.596,0.5741,1,1
680,Female,29,Bachelor,2.8,64.4,79.5,68.4,0.4616,0.4117,0,0
681,Female,28,PhD,2.7,67.2,80.2,77.3,0.6483,0.5781,1,1
682,Male,24,Bachelor,10.7,51.6,40.4,74.8,0.4182,0.4136,0,0
683,Male,28,Bachelor,7.1,56.2,87.4,68.7,0.5217,0.5188,0,0
684,Female,23,Master,0.6,72.0,77.5,97.1,0.5665,0.513,0,0
685,Female,31,Bachelor,6.2,69.6,77.2,79.8,0.5299,0.4641,0,0
686,Male,31,Master,7.7,80.6,78.5,65.2,0.651,0.6687,1,1
687,Male,35,High School,9.1,72.2,69.2,69.0,0.455,0.4533,0,0
688,Male,30,Bachelor,2.4,81.1,69.0,70.9,0.4744,0.4567,0,0
689,Female,30,Bachelor,1.5,81.9,38.5,72.8,0.3715,0.3079,0,0
690,Male,30,Bachelor,5.1,75.5,100.0,33.2,0.5448,0.5423,0,0
691,Male,33,Bachelor,3.4,65.5,94.9,59.6,0.5101,0.5238,0,0
692,Male,26,Master,4.3,55.3,60.3,50.6,0.457,0.447,0,0
693,Male,28,Master,5.2,78.4,84.7,92.7,0.6644,0.6754,1,1
694,Male,29,Master,3.5,83.3,77.1,66.8,0.5992,0.6007,1,1
695,Male,25,Bachelor,6.9,97.7,69.7,75.6,0.5913,0.6004,1,1
696,Female,30,High School,3.1,79.0,58.8,63.7,0.3537,0.3069,0,0
697,Male,28,Bachelor,3.1,55.4,76.3,70.0,0.4319,0.4346,0,0
698,Male,30,Master,5.8,64.1,65.7,60.6,0.532,0.5461,0,0
699,Male,25,Bachelor,10.1,66.4,64.7,58.9,0.5086,0.5083,0,0
700,Male,27,Bachelor,7.1,69.8,59.3,39.7,0.4366,0.4288,0,0
701,Male,31,Master,4.2,73.7,84.0,67.8,0.604,0.5767,1,1
702,Male,27,Bachelor,3.6,72.4,59.3,69.9,0.4342,0.4423,0,0
703,Male,35,Bachelor,3.3,77.3,59.3,65.4,0.4386,0.427,0,0
704,Male,27,Master,3.3,70.4,80.9,67.9,0.5727,0.5649,0,0
705,Male,29,High School,1.0,41.3,68.0,50.3,0.229,0.2129,0,0
706,Non-Binary,31,High School,2.2,65.3,71.4,82.3,0.3648,0.3358,0,0
707,Male,23,High School,3.8,69.0,84.5,57.6,0.4072,0.4387,0,0
708,Female,27,Master,1.3,69.2,86.2,34.8,0.5173,0.4605,0,0
709,Male,22,Master,5.0,63.7,40.2,66.5,0.4477,0.438,0,0
710,Female,22,Bachelor,1.9,54.2,51.5,82.3,0.35,0.3012,0,0
711,Female,27,PhD,1.0,74.6,81.0,66.5,0.6354,0.5376,1,0
712,Male,39,Bachelor,2.4,66.1,64.6,52.5,0.3946,0.3777,0,0
713,Male,26,Master,6.0,76.1,69.9,61.7,0.5837,0.5644,0,0
714,Male,29,Bachelor,3.2,68.8,65.0,73.6,0.4409,0.4449,0,0
715,Male,35,Bachelor,4.6,69.9,55.6,48.7,0.4026,0.4093,0,0
716,Female,31,Master,5.4,68.5,78.1,64.6,0.583,0.5142,0,0
717,Female,26,Master,2.4,74.2,62.4,80.9,0.5298,0.4718,0,0
718,Non-Binary,26,Master,2.8,87.5,74.9,68.5,0.597,0.5437,1,0
719,Male,33,Bachelor,1.1,70.6,41.2,90.2,0.3639,0.3466,0,0
720,Female,29,Bachelor,0.4,75.1,72.7,51.1,0.4168,0.3495,0,0
721,Female,30,Bachelor,3.5,58.8,68.0,56.2,0.4039,0.3374,0,0
722,Male,26,High School,3.7,78.2,69.5,62.2,0.3911,0.3965,0,0
723,Male,25,Bachelor,7.4,75.8,54.4,39.7,0.4426,0.4728,0,0
724,Female,25,Bachelor,2.0,65.0,46.5,73.6,0.3558,0.2974,0,0
725,Male,28,Bachelor,3.9,74.9,74.2,51.3,0.4688,0.4637,0,0
726,Female,24,Bachelor,6.3,65.2,100.0,68.5,0.5757,0.5097,0,0
727,Male,31,PhD,2.1,66.3,69.3,64.5,0.5875,0.5833,0,1
728,Female,32,Bachelor,2.5,76.7,66.5,84.5,0.4723,0.4207,0,0
729,Male,29,Bachelor,1.4,85.4,62.7,74.8,0.4583,0.4497,0,0
730,Male,34,Bachelor,6.0,73.7,81.4,69.6,0.5393,0.5291,0,0
731,Male,24,Bachelor,6.0,70.6,63.3,51.9,0.4517,0.449,0,0
732,Female,30,Master,2.7,75.1,65.0,70.0,0.531,0.4722,0,0
733,Female,30,Bachelor,8.2,46.1,97.1,79.5,0.5515,0.5045,0,0
734,Male,22,Bachelor,2.6,51.1,68.9,60.4,0.3776,0.3833,0,0
735,Male,28,Master,15.0,47.5,33.6,42.0,0.486,0.4822,0,0
736,Female,29,Bachelor,0.4,63.7,40.8,75.1,0.3144,0.2891,0,0
737,Male,35,Master,8.3,57.4,87.5,67.1,0.6231,0.6381,1,1
738,Female,22,Bachelor,2.1,88.3,42.6,70.9,0.4085,0.3549,0,0
739,Male,24,Master,3.2,47.8,78.8,92.9,0.5312,0.529,0,0
740,Male,36,PhD,2.8,79.5,100.0,59.8,0.7249,0.7185,1,1
741,Male,33,Master,1.3,77.9,56.5,97.7,0.528,0.5404,0,0
742,Male,31,PhD,1.6,69.4,71.9,70.9,0.6057,0.6068,1,1
743,Female,29,Bachelor,5.6,63.5,68.3,64.7,0.4575,0.3815,0,0
744,Male,25,Bachelor,4.9,47.3,100.0,68.4,0.5052,0.5113,0,0
745,Male,27,Master,1.9,70.9,64.9,56.8,0.4912,0.5136,0,0
746,Female,29,Bachelor,1.7,53.9,69.1,74.3,0.3914,0.368,0,0
747,Male,36,Bachelor,2.4,76.7,81.2,92.1,0.5264,0.5192,0,0
748,Male,35,Bachelor,3.7,67.2,90.9,54.3,0.4999,0.4895,0,0
749,Female,36,PhD,6.4,54.3,97.5,61.7,0.6962,0.6411,1,1
750,Female,23,Bachelor,4.5,75.8,58.2,77.4,0.4622,0.4302,0,0
751,Male,29,Bachelor,2.7,77.9,100.0,63.8,0.5573,0.5643,0,0
752,Female,24,Bachelor,1.3,72.8,87.8,65.1,0.4871,0.403,0,0
753,Female,30,Bachelor,1.8,91.8,78.0,51.6,0.501,0.4318,0,0
754,Male,28,High School,4.2,55.2,98.8,75.7,0.4404,0.424,0,0
755,Male,27,Bachelor,2.0,49.5,89.1,66.9,0.4361,0.4633,0,0
756,Female,26,Master,3.0,70.3,63.8,76.6,0.5258,0.4398,0,0
757,Female,31,PhD,5.0,100.0,90.1,85.0,0.8143,0.7436,1,1
758,Male,26,Bachelor,5.2,77.7,52.2,45.5,0.4185,0.4169,0,0
759,Female,23,Bachelor,3.1,61.4,45.3,57.7,0.3369,0.2785,0,0
760,Female,28,Master,1.4,77.8,41.1,73.7,0.451,0.4117,0,0
761,Male,28,Bachelor,9.9,93.2,50.0,71.3,0.5523,0.5618,0,0
762,Male,36,High School,3.0,73.1,65.8,88.3,0.388,0.3691,0,0
763,Male,35,Bachelor,1.7,69.6,97.2,71.5,0.5208,0.5204,0,0
764,Female,26,High School,3.6,80.4,65.5,48.6,0.3666,0.3432,0,0
765,Male,26,Bachelor,3.9,43.5,84.5,67.8,0.4315,0.4254,0,0
766,Male,30,Bachelor,7.1,81.7,77.9,56.8,0.5503,0.5755,0,1
767,Female,22,Bachelor,0.8,75.6,84.6,78.0,0.4945,0.424,0,0
768,Female,25,Master,1.3,71.6,76.4,77.7,0.5472,0.4572,0,0
769,Male,32,Bachelor,8.6,77.3,72.3,36.9,0.5157,0.5164,0,0
770,Female,36,High School,0.7,84.4,85.3,68.7,0.4256,0.3526,0,0
771,Male,28,High School,2.0,73.6,83.3,85.0,0.4264,0.4283,0,0
772,Female,22,High School,1.1,71.5,81.9,76.1,0.3927,0.3456,0,0
773,Male,25,Master,5.0,58.5,83.7,68.5,0.5712,0.5598,0,0
774,Male,25,Bachelor,3.1,70.0,75.4,77.9,0.4808,0.509,0,0
775,Female,24,Bachelor,1.8,59.9,79.2,74.8,0.4422,0.3891,0,0
776,Male,30,High School,3.9,45.9,72.8,81.1,0.3351,0.3481,0,0
777,Male,32,Bachelor,1.7,71.4,72.8,65.8,0.4426,0.4565,0,0
778,Female,28,Bachelor,0.9,66.8,51.2,78.8,0.3672,0.3496,0,0
779,Female,29,Master,6.2,74.3,81.6,80.3,0.6411,0.546,1,0
780,Female,31,Master,4.6,87.1,61.3,90.7,0.6056,0.5066,1,0
781,Female,23,Bachelor,4.6,74.5,76.4,78.7,0.5183,0.482,0,0
782,Male,26,PhD,4.1,87.5,69.3,70.4,0.6829,0.6916,1,1
783,Male,22,Bachelor,5.4,70.2,90.4,68.4,0.5477,0.5496,0,0
784,Male,32,Master,4.3,87.2,76.0,56.3,0.6047,0.6027,1,1
785,Male,31,PhD,3.3,63.3,54.9,49.3,0.5312,0.5265,0,0
786,Female,26,Bachelor,2.8,93.7,43.2,51.4,0.411,0.3746,0,0
787,Male,29,Master,1.2,53.4,59.6,55.0,0.4127,0.391,0,0
788,Male,31,High School,6.0,77.3,84.0,67.5,0.4718,0.4789,0,0
789,Male,22,Bachelor,2.3,74.2,82.3,70.9,0.4948,0.5103,0,0
790,Female,27,Master,2.1,51.5,98.0,69.8,0.558,0.5022,0,0
791,Male,32,Bachelor,3.2,42.0,68.9,93.5,0.401,0.4,0,0
792,Male,23,PhD,1.7,73.0,72.1,69.1,0.6158,0.6157,1,1
793,Male,30,Master,2.5,74.4,56.5,60.5,0.4878,0.5071,0,0
794,Female,27,PhD,2.9,69.7,31.0,66.1,0.4904,0.4403,0,0
795,Male,30,Master,11.7,53.7,88.6,79.6,0.6778,0.7041,1,1
796,Female,23,Master,2.3,57.9,42.9,64.8,0.4006,0.3264,0,0
797,Female,33,Bachelor,3.4,63.6,87.4,49.4,0.4684,0.4258,0,0
798,Male,33,PhD,1.2,62.1,67.4,66.3,0.5595,0.5473,0,0
799,Female,29,Bachelor,1.7,63.9,71.9,78.1,0.4336,0.3805,0,0
800,Female,35,Bachelor,2.1,79.1,63.6,88.0,0.4691,0.4334,0,0
801,Female,29,Bachelor,5.1,72.5,78.8,80.3,0.5289,0.4504,0,0
802,Male,33,Bachelor,2.6,63.6,60.6,66.1,0.3947,0.4264,0,0
803,Male,24,Bachelor,4.8,92.3,84.5,88.8,0.61,0.6266,1,1
804,Female,32,Bachelor,5.8,70.0,98.9,48.8,0.5546,0.4968,0,0
805,Male,30,Bachelor,7.6,63.4,58.1,62.5,0.4498,0.4358,0,0
806,Female,25,PhD,5.5,78.8,71.5,71.3,0.685,0.6001,1,1
807,Female,22,Bachelor,4.7,65.5,82.8,82.4,0.5185,0.4509,0,0
808,Female,27,Master,1.3,63.1,59.6,76.8,0.4691,0.3944,0,0
809,Male,25,Bachelor,7.4,64.4,77.2,49.4,0.4933,0.5097,0,0
810,Male,29,Bachelor,8.7,72.2,61.2,39.8,0.4713,0.4653,0,0
811,Non-Binary,32,Master,3.2,63.5,49.2,80.2,0.4679,0.4325,0,0
812,Female,26,PhD,5.4,40.2,89.0,74.1,0.631,0.5534,1,0
813,Male,30,Master,1.7,55.7,68.6,76.8,0.4815,0.4783,0,0
814,Female,28,Bachelor,1.4,59.9,81.1,70.7,0.4375,0.393,0,0
815,Female,31,PhD,1.3,63.5,90.3,70.2,0.6413,0.555,1,0
816,Male,24,Bachelor,7.7,79.3,65.0,71.8,0.53,0.5453,0,0
817,Male,31,Master,2.7,62.1,74.9,59.0,0.5109,0.5019,0,0
818,Male,37,Bachelor,1.1,59.0,64.6,54.6,0.3592,0.3588,0,0
819,Male,29,Master,4.4,81.8,78.9,73.5,0.6212,0.6016,1,1
820,Male,26,Master,8.4,59.4,73.3,57.0,0.5732,0.5893,0,1
821,Female,22,Master,3.3,56.8,71.5,63.7,0.4991,0.4591,0,0
822,Male,34,Bachelor,6.4,67.1,60.1,55.2,0.4412,0.452,0,0
823,Male,26,Bachelor,0.9,50.4,73.8,70.6,0.3805,0.3831,0,0
824,Male,25,PhD,8.7,70.3,86.3,60.9,0.7374,0.7368,1,1
825,Male,27,Bachelor,4.9,69.1,82.6,66.1,0.5105,0.4871,0,0
826,Female,27,Bachelor,3.8,84.7,62.9,63.1,0.475,0.3977,0,0
827,Male,29,Bachelor,6.0,69.9,58.3,63.7,0.4488,0.4601,0,0
828,Male,35,Master,2.8,93.6,60.3,32.7,0.5241,0.5214,0,0
829,Female,31,Master,4.3,62.7,78.0,69.4,0.5571,0.4698,0,0
830,Male,27,Bachelor,2.8,68.5,44.6,58.4,0.3518,0.3308,0,0
831,Male,27,High School,5.7,69.6,81.1,65.1,0.4336,0.4431,0,0
832,Male,22,Master,2.0,89.2,63.6,82.8,0.5736,0.5867,0,1
833,Male,32,Master,0.7,78.4,76.5,56.9,0.5328,0.5098,0,0
834,Male,28,Bachelor,2.9,53.3,65.6,84.4,0.4077,0.41,0,0
835,Male,28,Bachelor,7.9,79.4,69.7,54.8,0.5264,0.5323,0,0
836,Male,41,Master,7.8,82.9,60.4,51.6,0.5854,0.5766,0,1
837,Female,25,Master,4.5,54.3,58.9,85.8,0.4965,0.4555,0,0
838,Male,25,Bachelor,2.7,63.2,57.8,73.9,0.3959,0.3907,0,0
839,Male,27,Bachelor,2.6,62.3,69.7,67.1,0.4206,0.3949,0,0
840,Female,33,Bachelor,1.0,62.6,54.4,66.7,0.3514,0.3063,0,0
841,Male,29,Bachelor,2.6,71.7,77.3,67.7,0.4721,0.4926,0,0
842,Female,31,Bachelor,5.1,88.7,100.0,67.9,0.6261,0.5458,1,0
843,Male,32,High School,8.0,61.8,51.5,69.7,0.3557,0.34,0,0
844,Non-Binary,33,Master,5.6,74.8,37.5,47.8,0.4559,0.4334,0,0
845,Male,36,Bachelor,2.3,43.4,79.3,59.8,0.3832,0.3871,0,0
846,Male,33,Bachelor,4.8,86.1,73.8,92.7,0.5637,0.5636,0,0
847,Male,27,Bachelor,5.9,49.2,73.0,77.1,0.4508,0.4579,0,0
848,Non-Binary,30,Bachelor,1.6,65.2,61.7,58.5,0.3796,0.3427,0,0
849,Male,29,Bachelor,9.7,70.9,79.1,73.2,0.5789,0.5699,0,1
850,Male,32,Bachelor,3.2,68.5,89.6,24.5,0.4555,0.4664,0,0
851,Male,30,High School,1.5,68.8,74.6,62.6,0.3507,0.3362,0,0
852,Female,29,Bachelor,3.8,55.8,54.6,79.9,0.3871,0.3649,0,0
853,Male,26,Bachelor,1.3,64.1,57.5,93.5,0.403,0.4214,0,0
854,Female,29,High School,6.2,69.5,67.4,66.0,0.3984,0.3334,0,0
855,Male,27,Master,4.1,83.2,56.5,65.6,0.5412,0.5634,0,0
856,Male,27,Bachelor,7.3,62.9,72.8,65.4,0.4939,0.4961,0,0
857,Male,25,PhD,3.6,49.3,65.2,49.0,0.5269,0.5477,0,0
858,Male,30,High School,7.2,58.7,55.0,58.7,0.3331,0.3351,0,0
859,Male,37,High School,3.6,90.2,81.7,76.6,0.4803,0.4777,0,0
860,Male,24,High School,5.4,59.4,79.9,38.3,0.363,0.3587,0,0
861,Female,35,Bachelor,3.0,69.5,59.2,50.4,0.3931,0.3091,0,0
862,Male,34,Bachelor,3.5,85.0,76.7,54.3,0.5039,0.5178,0,0
863,Male,28,Master,2.2,61.7,74.7,82.9,0.5322,0.5216,0,0
864,Male,30,High School,5.8,66.0,81.7,71.1,0.434,0.4484,0,0
865,Male,24,PhD,1.9,77.5,72.3,46.2,0.6034,0.6285,1,1
866,Male,30,Master,5.8,88.5,90.0,60.6,0.678,0.6693,1,1
867,Male,28,Bachelor,4.2,60.3,68.2,71.9,0.438,0.4284,0,0
868,Male,32,High School,5.9,84.7,66.2,62.0,0.4292,0.4443,0,0
869,Female,28,Bachelor,5.0,64.6,78.4,72.0,0.4932,0.427,0,0
870,Female,31,Master,1.8,91.7,77.3,72.4,0.6078,0.5546,1,0
871,Male,31,Bachelor,5.1,71.0,55.7,77.3,0.4486,0.4382,0,0
872,Male,30,Bachelor,4.3,54.1,73.1,71.7,0.4366,0.4582,0,0
873,Female,30,PhD,6.6,80.4,95.6,60.5,0.7663,0.6698,1,1
874,Male,27,Bachelor,7.8,100.0,74.6,66.2,0.6137,0.6187,1,1
875,Male,30,PhD,1.2,81.3,53.1,51.9,0.5519,0.5666,0,0
876,Male,27,Master,1.6,66.7,58.0,85.1,0.4889,0.4966,0,0
877,Female,23,PhD,4.7,60.1,64.0,91.2,0.6219,0.5633,1,0
878,Female,31,Bachelor,6.1,72.7,72.6,70.0,0.5108,0.4277,0,0
879,Male,24,Bachelor,1.3,58.8,67.7,66.6,0.386,0.3799,0,0
880,Male,33,Bachelor,2.7,67.1,69.1,79.2,0.449,0.45,0,0
881,Male,34,High School,7.6,69.1,68.9,79.1,0.4373,0.4259,0,0
882,Female,24,Bachelor,1.4,69.5,39.1,79.6,0.345,0.3181,0,0
883,Male,22,Master,4.1,64.3,47.4,53.3,0.4432,0.4355,0,0
884,Male,26,Master,2.5,66.3,69.2,89.6,0.5406,0.5292,0,0
885,Female,29,High School,3.4,61.4,70.1,63.3,0.3421,0.3152,0,0
886,Male,28,Bachelor,3.7,52.5,36.7,68.9,0.3066,0.2909,0,0
887,Female,31,Bachelor,2.9,89.0,85.9,59.9,0.543,0.4629,0,0
888,Male,26,High School,2.3,70.1,75.8,66.8,0.3743,0.3819,0,0
889,Male,32,Bachelor,11.7,81.8,58.8,42.4,0.5355,0.5556,0,0
890,Male,31,Bachelor,8.4,74.6,75.5,75.6,0.5636,0.566,0,0
891,Female,25,Bachelor,1.0,73.7,48.8,89.7,0.3945,0.3229,0,0
892,Female,30,Bachelor,2.4,86.8,77.5,75.9,0.5236,0.471,0,0
893,Female,29,PhD,3.3,75.2,53.2,70.0,0.5859,0.5067,0,0
894,Male,25,Master,5.9,77.9,61.7,71.9,0.5746,0.5914,0,1
895,Female,23,Bachelor,1.7,56.4,88.3,80.4,0.4662,0.4046,0,0
896,Male,27,Bachelor,9.6,56.6,44.8,56.3,0.4082,0.4254,0,0
897,Male,33,Bachelor,5.7,56.7,71.4,78.1,0.4658,0.4595,0,0
898,Female,22,Bachelor,8.1,78.7,51.5,64.9,0.4829,0.4146,0,0
899,Male,32,Bachelor,9.4,49.5,53.4,62.4,0.4196,0.3908,0,0
900,Male,27,Master,11.1,88.1,75.6,58.8,0.7017,0.6918,1,1
901,Male,30,Master,5.0,62.5,59.7,63.7,0.5017,0.5044,0,0
902,Male,28,Bachelor,2.3,71.7,94.3,53.4,0.5033,0.5048,0,0
903,Male,25,Bachelor,4.1,76.4,35.9,69.4,0.3788,0.3879,0,0
904,Male,30,PhD,5.5,59.8,73.5,73.3,0.6392,0.6579,1,1
905,Male,24,High School,4.8,62.5,70.6,81.2,0.3882,0.3887,0,0
906,Female,29,Master,3.7,66.8,56.4,72.2,0.4967,0.4381,0,0
907,Female,29,Bachelor,2.9,68.9,75.0,52.4,0.4418,0.4055,0,0
908,Male,29,Master,7.5,55.2,71.0,62.5,0.5486,0.552,0,0
909,Male,30,PhD,1.7,56.3,84.9,54.6,0.5897,0.5759,0,1
910,Male,27,Bachelor,1.8,82.5,46.6,60.4,0.3872,0.3793,0,0
911,Male,31,Master,2.6,72.8,58.7,84.6,0.5216,0.4896,0,0
912,Male,27,Master,3.5,58.5,55.3,74.2,0.4692,0.4551,0,0
913,Female,27,Bachelor,4.7,77.0,78.9,86.5,0.5444,0.4537,0,0
914,Male,23,Bachelor,7.5,59.1,74.8,42.4,0.4632,0.4684,0,0
915,Male,29,Bachelor,2.3,44.6,78.3,70.1,0.3964,0.4146,0,0
916,Male,36,PhD,4.5,76.4,84.9,48.7,0.6781,0.664,1,1
917,Male,24,Bachelor,7.3,87.8,78.5,49.6,0.5634,0.5498,0,0
918,Female,22,Master,7.2,54.7,49.0,68.4,0.4817,0.438,0,0
919,Female,30,Bachelor,1.9,88.9,71.4,71.4,0.4981,0.4316,0,0
920,Male,29,Master,4.6,67.7,90.8,76.8,0.6247,0.6286,1,1
921,Female,29,Bachelor,3.8,68.4,90.4,56.0,0.5053,0.4558,0,0
922,Male,30,Bachelor,3.3,72.5,84.5,53.7,0.4889,0.4783,0,0
923,Female,36,Bachelor,1.4,45.3,53.4,74.6,0.314,0.266,0,0
924,Female,32,Bachelor,1.6,49.5,55.3,67.4,0.3257,0.279,0,0
925,Male,30,Master,2.7,51.0,83.2,75.1,0.5251,0.5018,0,0
926,Male,28,High School,5.4,70.7,70.4,67.7,0.4024,0.4097,0,0
927,Male,31,Master,2.2,51.4,59.4,51.1,0.4151,0.4241,0,0
928,Male,36,Bachelor,6.5,73.2,88.3,60.6,0.555,0.5562,0,0
929,Female,26,PhD,5.2,65.1,55.4,71.1,0.591,0.5405,0,0
930,Male,25,Bachelor,6.4,30.3,69.7,50.3,0.3595,0.3556,0,0
931,Male,33,Bachelor,6.4,77.5,79.0,70.9,0.5498,0.559,0,0
932,Female,34,Bachelor,8.9,66.2,96.1,64.4,0.5967,0.5324,1,0
933,Non-Binary,29,High School,13.4,76.5,67.9,84.8,0.5415,0.4916,0,0
934,Male,32,Bachelor,4.0,42.9,66.1,89.8,0.4011,0.4185,0,0
935,Male,26,Master,9.1,60.1,63.8,57.1,0.5552,0.5571,0,0
936,Male,28,Bachelor,8.4,69.6,73.3,40.3,0.4982,0.5129,0,0
937,Male,30,Bachelor,7.1,74.9,78.2,58.5,0.5338,0.5143,0,0
938,Female,31,Master,2.6,86.5,83.6,60.3,0.6083,0.537,1,0
939,Male,31,PhD,8.9,73.2,80.6,44.3,0.7099,0.7029,1,1
940,Male,27,Master,14.6,61.1,63.0,60.6,0.6347,0.622,1,1
941,Male,31,Master,5.7,45.7,81.4,78.9,0.5498,0.571,0,1
942,Male,27,PhD,4.1,59.0,71.3,58.3,0.5922,0.5952,1,1
943,Female,23,High School,1.2,54.7,80.8,87.4,0.3565,0.2916,0,0
944,Female,33,Master,1.4,71.8,55.6,64.8,0.468,0.4043,0,0
945,Male,25,Master,3.4,75.6,92.8,56.3,0.6117,0.6258,1,1
946,Male,33,Bachelor,6.5,71.4,65.0,74.0,0.4937,0.481,0,0
947,Male,26,Bachelor,2.9,65.0,62.4,43.8,0.3805,0.3662,0,0
948,Female,33,Master,2.1,91.3,54.2,67.7,0.5327,0.4666,0,0
949,Female,25,Master,3.9,73.7,56.8,76.4,0.5257,0.4696,0,0
950,Male,36,Bachelor,9.8,63.2,70.8,81.7,0.5429,0.5319,0,0
951,Female,32,Master,3.2,59.2,55.3,77.5,0.4712,0.4205,0,0
952,Female,34,Bachelor,2.5,65.7,91.1,58.5,0.4852,0.4275,0,0
953,Male,28,Bachelor,8.2,78.9,67.2,69.5,0.5396,0.542,0,0
954,Female,24,Master,4.4,63.0,68.7,79.2,0.5425,0.4413,0,0
955,Male,32,Bachelor,4.8,64.4,63.9,52.5,0.4202,0.4205,0,0
956,Male,22,Master,3.8,64.4,73.3,59.2,0.5277,0.5239,0,0
957,Male,24,High School,3.2,80.2,55.0,80.1,0.3671,0.373,0,0
958,Male,24,Bachelor,4.7,83.5,69.0,50.7,0.4874,0.4775,0,0
959,Male,32,Master,3.9,73.1,84.0,70.4,0.6015,0.5959,1,1
960,Female,31,Master,4.1,77.7,60.5,79.2,0.5549,0.4963,0,0
961,Male,28,Bachelor,2.2,70.8,78.7,84.2,0.4891,0.5108,0,0
962,Female,29,Master,6.1,67.7,36.1,58.0,0.4507,0.3768,0,0
963,Male,29,Bachelor,4.2,73.7,72.2,77.4,0.4958,0.5035,0,0
964,Male,33,Master,4.6,86.3,52.3,59.0,0.5355,0.5538,0,0
965,Male,25,Master,2.5,63.0,67.1,76.7,0.5085,0.5189,0,0
966,Male,29,Master,2.7,52.0,72.6,76.4,0.4965,0.5137,0,0
967,Female,28,Master,3.7,65.4,65.6,65.4,0.5129,0.4432,0,0
968,Male,31,Bachelor,2.2,61.2,45.5,62.3,0.3304,0.349,0,0
969,Male,29,Bachelor,7.2,87.3,85.8,68.1,0.6065,0.5957,1,1
970,Male,33,Bachelor,5.5,76.8,70.7,41.9,0.4733,0.4742,0,0
971,Female,35,Bachelor,0.4,67.3,97.7,64.7,0.4896,0.4233,0,0
972,Female,34,High School,11.2,62.0,86.2,69.7,0.5083,0.4403,0,0
973,Female,26,Bachelor,0.5,80.1,46.9,78.3,0.3859,0.3138,0,0
974,Male,22,High School,6.4,87.6,64.4,48.9,0.4223,0.3927,0,0
975,Male,31,Bachelor,2.3,64.0,91.1,74.7,0.4978,0.5155,0,0
976,Male,34,Bachelor,3.7,49.5,63.2,72.9,0.3858,0.3588,0,0
977,Male,28,Master,4.4,65.8,66.3,62.2,0.5218,0.5255,0,0
978,Male,32,High School,9.0,64.0,60.6,35.6,0.3614,0.342,0,0
979,Male,35,Bachelor,2.4,51.9,59.6,56.7,0.3435,0.3308,0,0
980,Male,34,PhD,2.3,75.0,85.5,72.0,0.6752,0.6854,1,1
981,Male,35,Bachelor,1.4,85.1,35.3,69.3,0.365,0.3674,0,0
982,Female,24,PhD,6.8,72.1,38.2,40.2,0.5405,0.4737,0,0
983,Male,29,High School,4.1,79.7,73.2,60.5,0.4103,0.4275,0,0
984,Male,22,Master,7.3,60.7,93.8,45.5,0.6116,0.6073,1,1
985,Female,29,Bachelor,2.3,65.1,74.8,72.2,0.4469,0.4117,0,0
986,Male,25,Bachelor,2.9,66.4,51.7,47.3,0.3555,0.3394,0,0
987,Female,27,Master,4.8,82.2,88.5,84.2,0.6711,0.5727,1,1
988,Male,28,Master,4.0,73.7,79.8,52.5,0.569,0.567,0,0
989,Male,29,Bachelor,5.9,55.7,71.8,78.9,0.4679,0.468,0,0
990,Female,27,Master,7.7,79.9,55.0,60.3,0.5694,0.4882,0,0
991,Female,27,Master,4.6,59.0,87.5,73.3,0.5851,0.5107,0,0
992,Female,25,Master,3.2,62.8,92.6,71.8,0.591,0.5406,0,0
993,Male,26,Master,2.2,58.6,73.7,46.6,0.4748,0.4689,0,0
994,Male,29,Bachelor,2.4,54.6,72.3,65.0,0.4013,0.3723,0,0
995,Male,26,Master,2.2,82.2,73.1,52.3,0.5478,0.5216,0,0
996,Male,23,Bachelor,6.1,54.1,75.8,79.3,0.479,0.5103,0,0
997,Female,26,Master,2.1,77.9,78.1,52.8,0.5503,0.506,0,0
998,Male,28,Master,3.6,80.2,66.8,74.4,0.569,0.5625,0,0
999,Non-Binary,27,Bachelor,8.8,58.7,80.4,55.2,0.5132,0.4895,0,0
1000,Male,26,Bachelor,4.4,82.0,63.2,75.7,0.4921,0.496,0,0
